{
	"info": {
		"_postman_id": "937a80f5-05a6-4614-becc-432d41bfd7e7",
		"name": "Interview",
		"schema": "https://schema.getpostman.com/json/collection/v2.1.0/collection.json",
		"_exporter_id": "4110994"
	},
	"item": [
		{
			"name": "Create Payment: TYPE1",
			"request": {
				"method": "POST",
				"header": [
					{
						"key": "Content-Type",
						"value": "application/json",
						"type": "text"
					}
				],
				"body": {
					"mode": "raw",
					"raw": "{\r\n    \"amount\": 100.00,\r\n    \"currency\": \"EUR\",\r\n    \"type\": \"TYPE1\",\r\n    \"debtorIban\": \"LT1234567890123456\",\r\n    \"creditorIban\": \"LT6543210987654321\",\r\n    \"details\": \"Invoice #123\"\r\n}",
					"options": {
						"raw": {
							"language": "json"
						}
					}
				},
				"url": {
					"raw": "http://localhost:8080/payments",
					"protocol": "http",
					"host": [
						"localhost"
					],
					"port": "8080",
					"path": [
						"payments"
					]
				}
			},
			"response": []
		},
		{
			"name": "Create Payment: TYPE2",
			"request": {
				"method": "POST",
				"header": [
					{
						"key": "Content-Type",
						"value": "application/json",
						"type": "text"
					}
				],
				"body": {
					"mode": "raw",
					"raw": "{\r\n    \"amount\": 150.50,\r\n    \"currency\": \"USD\",\r\n    \"type\": \"TYPE2\",\r\n    \"debtorIban\": \"US1234567890123456\",\r\n    \"creditorIban\": \"US6543210987654321\"\r\n}"
				},
				"url": {
					"raw": "http://localhost:8080/payments",
					"protocol": "http",
					"host": [
						"localhost"
					],
					"port": "8080",
					"path": [
						"payments"
					]
				}
			},
			"response": []
		},
		{
			"name": "Create Payment: TYPE3",
			"request": {
				"method": "POST",
				"header": [
					{
						"key": "Content-Type",
						"value": "application/json",
						"type": "text"
					}
				],
				"body": {
					"mode": "raw",
					"raw": "{\r\n    \"amount\": 200.00,\r\n    \"currency\": \"EUR\",\r\n    \"type\": \"TYPE3\",\r\n    \"debtorIban\": \"LT1234567890123456\",\r\n    \"creditorIban\": \"LT6543210987654321\",\r\n    \"creditorBic\": \"BANKLT21\"\r\n}"
				},
				"url": {
					"raw": "http://localhost:8080/payments",
					"protocol": "http",
					"host": [
						"localhost"
					],
					"port": "8080",
					"path": [
						"payments"
					]
				}
			},
			"response": []
		},
		{
			"name": "List All Active Payments",
			"request": {
				"method": "GET",
				"header": [],
				"url": {
					"raw": "http://localhost:8080/payments",
					"protocol": "http",
					"host": [
						"localhost"
					],
					"port": "8080",
					"path": [
						"payments"
					]
				}
			},
			"response": []
		},
		{
			"name": "Cancel Payment",
			"request": {
				"method": "POST",
				"header": [],
				"url": {
					"raw": "http://localhost:8080/payments/{$paymentId}/cancel",
					"protocol": "http",
					"host": [
						"localhost"
					],
					"port": "8080",
					"path": [
						"payments",
						"{$paymentId}",
						"cancel"
					]
				}
			},
			"response": []
		},
		{
			"name": "Get Payment",
			"request": {
				"method": "GET",
				"header": [],
				"url": {
					"raw": "http://localhost:8080/payments/:id",
					"protocol": "http",
					"host": [
						"localhost"
					],
					"port": "8080",
					"path": [
						"payments",
						":id"
					],
					"variable": [
						{
							"key": "id",
							"value": "1"
						}
					]
				}
			},
			"response": []
		},
		{
			"name": "Get All Notifications",
			"request": {
				"method": "GET",
				"header": [],
				"url": {
					"raw": "http://localhost:8080/notify",
					"protocol": "http",
					"host": [
						"localhost"
					],
					"port": "8080",
					"path": [
						"notify"
					]
				}
			},
			"response": []
		}
	]
}